{
  "project_info": {
    "project_number": "977958463989",
    "firebase_url": "https://health-monitoring-system-b5496-default-rtdb.firebaseio.com",
    "project_id": "health-monitoring-system-b5496",
    "storage_bucket": "health-monitoring-system-b5496.appspot.com"
  },
  "client": [
    {
      "client_info": {
        "mobilesdk_app_id": "1:977958463989:android:30318cee4a159a3435d8bc",
        "android_client_info": {
          "package_name": "com.example.iot_app"
        }
      },
      "oauth_client": [
        {
          "client_id": "977958463989-m56n3qlff310nnla498kotjpscrf7tjk.apps.googleusercontent.com",
          "client_type": 3
        }
      ],
      "api_key": [
        {
          "current_key": "AIzaSyD1jN5Xcws3l2DusTiB-4RPdX1-88fpJ_8"
        }
      ],
      "services": {
        "appinvite_service": {
          "other_platform_oauth_client": [
            {
              "client_id": "977958463989-m56n3qlff310nnla498kotjpscrf7tjk.apps.googleusercontent.com",
              "client_type": 3
            }
          ]
        }
      }
    }
  ],
  "configuration_version": "1"
}